target,tabpack,tabm,dcnv2,realmlp,gandalf,xgb_optuna,tabnet,resnet,catboost_optuna,fttransformer,tabr,xgb_default,lassonet
hsa-mir-4731-3p,0.1423793229810283,0.16987894519784,-0.1249930916715906,0.1730810293570625,0.1359023841729449,0.1016580034755149,,0.1661480803319277,0.1358156653915794,0.1736568888038406,0.1585290526723638,-0.1199268139960039,0.0825994437337215
hsa-mir-624-3p,0.1890181345204834,0.2050406766481605,0.0429951573911718,0.1586796497485407,0.1210100389999044,0.1939580204109572,,0.17463929651838,0.2006453790359098,0.163719412520257,0.1687576937191259,0.1190020384975031,0.145088484620568
hsa-mir-556-3p,0.5255016351605974,0.5225452800941381,0.3808310622030014,0.4844897904477432,0.3932226710678311,0.4820832619215619,,0.4776782832875025,0.4602755439948292,0.4540530249756385,0.4936375855386928,0.3423993615152276,
hsa-mir-15a-3p,0.4577903870667144,0.4562353958983636,0.4320265910140995,0.4481708386012889,0.4247882011347531,0.4325371908376038,,0.4477280810363705,0.4361547167730378,0.4261354110668032,0.4463245425129,0.4014278852548543,0.4379419982516878
hsa-mir-301b-5p,0.530443936697376,0.5356543476167479,0.4590727932877937,0.4963498096813942,0.5182360141949068,0.5163113510479649,,0.4865239079004279,0.4972713214943467,0.5076638484239884,0.5125538232796087,0.4528017113926531,
hsa-mir-503-3p,0.6189944592074004,0.6163509044082729,0.4971072732129008,0.5718603955336153,0.5622260349887707,0.5712215046940257,,0.5798820913205702,0.5561803144200068,0.5487139822636642,0.5693527156278535,0.488883623047883,
hsa-mir-301b-3p,0.6539983347785705,0.6374453011676587,0.5176833812278463,0.6286455217616999,0.6148497510930484,0.5997504525673534,,0.6196125648800582,0.5679370953527354,0.574360401677001,0.6292721755450326,0.4918410907317204,
hsa-mir-642a-5p,0.6454146424540568,0.6404262590085447,0.5446929385974975,0.6069818834201053,0.630689809208032,0.6086383902720661,,0.6188170905992616,0.583054381930287,0.5866161756323247,0.5913637821382465,0.4994976537173451,
hsa-mir-616-3p,0.542086707665171,0.5436950614646762,0.4922112472978049,0.5194928595237225,0.5318226255378329,0.5355872012225502,,0.5140383686398498,0.5204708442917514,0.5224695176610075,0.5261658064414634,0.5023611794394391,0.5255466981844938
hsa-mir-301a-5p,0.6420421797292976,0.6425684894673304,0.5593904566578523,0.6126729198974985,0.6128194788130974,0.6215300846792331,,0.5862521811228633,0.6024804103556283,0.596769624031452,0.6354999766098999,0.5636227145258594,0.5922309911220238
hsa-mir-3934-5p,0.6692061551450735,0.6688060614985827,0.637028630043919,0.6307314551978749,0.6355698602409825,0.6518346234267862,,0.6425768255032436,0.6474150238325032,0.655592916557965,0.6630618679932279,0.616525177174753,0.6233213342200756
hsa-mir-532-3p,0.726451610912096,0.7299780838191596,0.643299140280843,0.6816160444864886,0.6905102315836087,0.6944811519724303,,0.6571585087414034,0.6704920089546974,0.6562629962980717,0.6719007217993835,0.6184152469735813,0.6986261273165724
hsa-mir-582-5p,0.7376336885191976,0.7341144664499122,0.6611604559637355,0.7050029095409047,0.6994085107806335,0.6985453999242581,,0.7048533930411708,0.6767584706268073,0.6773672628079153,0.713102944980409,0.6396311668545536,
hsa-mir-20a-5p,0.7668456365342168,0.7651299502259825,0.7227593239353625,0.7426992506721329,0.7346473360807702,0.7461202153883335,,0.7412839631225191,0.732139657376417,0.7296115982330338,0.7451652198212086,0.7065346432429488,0.739561525331609
hsa-mir-299-5p,0.760946333101726,0.774484092933961,0.6908713675197096,0.7112536711251304,0.7396544670903454,0.7615633827110124,,0.7248742448439038,0.7299971742151361,0.7423445112929448,0.7428608482453138,0.7203721208009588,
hsa-mir-25-3p,0.7712045542150107,0.7675171209207784,0.7570369026082394,0.7315344291449359,0.743422095840081,0.7775206685564102,,0.7715775714523074,0.769226326233481,0.7535143659811969,0.7726095815139346,0.7364662782937033,0.7506742611824295
hsa-mir-125a-3p,0.7870292021081046,0.7841356740902462,0.7334734341148299,0.771942789966529,0.7679043948902263,0.7704171053712499,0.7558790833050921,0.7577849420996141,0.7493251810432651,0.7512572527197519,0.7738875342622751,0.743369295127426,0.7435316030710393
hsa-mir-3180-3p,0.7786700076968865,0.7961682823853509,0.7515414269331575,0.7981546058293417,0.7919209942866389,0.7773467126113053,,0.7577032774192359,0.7701860877259366,0.7783982775608734,0.7893855104129588,0.7456973341822746,0.7801397116872884
hsa-mir-326,0.8206773645389291,0.8180179259082448,0.803747082760667,0.8075953140150371,0.8078858239066284,0.7985600041996133,,0.8074977602299281,0.7837482159225737,0.7937320291376591,0.8059797562127186,0.7715174076260356,0.78456344751106
hsa-mir-27a-5p,0.8419613236135578,0.8394030008239918,0.7945733206499829,0.8324325270692952,0.8259450219860942,0.823177419576155,,0.8266913880267299,0.8096781498925129,0.8030583851788524,0.8286133183999574,0.7782596218891247,
hsa-mir-125a-5p,0.8157795379680366,0.8137729107783725,0.8000165569292021,0.8091255606126041,0.806045066478235,0.8024159094207347,0.8016426995619839,0.8110505836948949,0.812783436462368,0.8036047927589138,0.798756414837076,0.7801798406866353,0.7944290528244647
hsa-mir-99b-3p,0.8270560860312567,0.8313894890237231,0.7965655809071688,0.8197094032147232,0.8029236807498442,0.8207905856789987,,0.8158714929150505,0.8069229545504129,0.805749174641585,0.8184121293761308,0.7846355562945089,0.8114295482228349
hsa-mir-22-3p,0.8559566953223705,0.8599298268208849,0.8126418286440579,0.8245913064760771,0.823955021104406,0.8368106004480579,,0.8317396311788267,0.8172498402947699,0.8265262571375744,0.8335518719097504,0.7864515905773997,
hsa-mir-378a-3p,0.8578274197604372,0.8474326477451847,0.817536294546694,0.8318539609129885,0.8371896011072285,0.8350484123836435,,0.8301774473102026,0.8105610010639577,0.8283542330630145,0.8405499836232393,0.7877670205403118,0.8201396070822059
hsa-mir-592,0.8279020559350422,0.8279963628117237,0.7699009820368616,0.8034553530127027,0.7915262609359974,0.8131444335761464,,0.8126903911576079,0.8046223214286414,0.8114339085704059,0.8239896394685747,0.7889084242467878,0.8008300418445562
hsa-mir-887-3p,0.8441048950238794,0.8520809421759283,0.810762376760815,0.8270661921847853,0.8215324052416008,0.824968981441664,,0.8263435822327911,0.8148910969366121,0.8215249900809458,0.8348687924818199,0.7909556976297476,
hsa-mir-708-5p,0.8417048733033419,0.8497571759797005,0.7911472676366991,0.8259816019296865,0.8119342245933792,0.8325889059021089,,0.818195766332642,0.8274298619279101,0.822897945681345,0.81939209280625,0.7951824930401556,
hsa-mir-449a,0.8258548042028862,0.8306011248076408,0.7980827062900817,0.8131471240944821,0.8206839149828283,0.810406097903873,,0.8076043794989599,0.8084701954483752,0.8117848052017742,0.8262063254615493,0.7980889066378671,0.809396661456613
hsa-mir-382-5p,0.8580484834272556,0.862304367045231,0.8148969435452355,0.8445330667969803,0.8367087501624126,0.8532849136697886,,0.8335664405512659,0.8419342058648936,0.8452989971361256,0.8456213861801567,0.8261364463802192,
hsa-mir-26a-5p,0.8537496177859781,0.8509101454472556,0.8417635316718753,0.8429378197955065,0.839532068192561,0.8330690370979169,,0.8375599333312629,0.8400019240369239,0.8347397411237198,0.835130470634189,0.8272814918851769,0.835552643630611
hsa-mir-135a-5p,0.8775490236722557,0.8772181543411178,0.8621475168850488,0.8708419816595944,0.8651854256608729,0.8633808501716936,0.8571378193463485,0.8649154313095428,0.8539696352357468,0.8660165419992161,0.8746637871595166,0.8347822211671205,0.862997627625841
hsa-mir-423-5p,0.8659737356062259,0.8605451462291991,0.8475314976795633,0.8456495928731417,0.8349861866233497,0.8567373241302113,,0.8520583671518592,0.8568467472067894,0.8577418185205234,0.8461647862293487,0.8361492497066907,0.8502931046086367
hsa-mir-374a-3p,0.9054233229475892,0.9044627868129012,0.8822947910145966,0.9027915840581944,0.889314480745492,0.8673236891172031,,0.8909861825610952,0.8575985231151794,0.872243474976524,0.890693986231027,0.8376491501198281,
hsa-mir-340-3p,0.8976346837092962,0.8925637718918733,0.8673294478419421,0.8836692476936076,0.8903617294377826,0.8869148957314256,,0.8824393093416533,0.8734573732568893,0.8767761879817484,0.8878187719056353,0.849355345549282,0.8816061980854557
hsa-mir-200c-3p,0.8908560883230074,0.8850500512365962,0.8587458034075055,0.8721923903008983,0.8780315688056973,0.8799047533838913,,0.8843685581443217,0.8638819912195247,0.8655375908930126,0.8800341512599761,0.8511983132052104,0.8652231492479532
hsa-mir-363-3p,0.8836161406246923,0.8823294714053306,0.8683691192724571,0.8715040410082568,0.876004472530155,0.8740139878230786,,0.873686120492438,0.8647911011345731,0.8678487002514994,0.8828880061946766,0.8518183723188262,0.8651694512547348
hsa-mir-369-3p,0.8950855474813829,0.8984530585620967,0.8715519244553127,0.8790250365013065,0.877745310762143,0.8861726304299145,,0.8795305607507417,0.8797817888292292,0.8777125493731193,0.8900077954537753,0.8634300735902213,
hsa-mir-1180-3p,0.9090097996960972,0.9083457757377226,0.8815575587906028,0.9004941473001749,0.8957605088370773,0.8967619466956936,0.8960274881462702,0.8987385840885049,0.8802829179728688,0.8907968297422557,0.8952607460669683,0.8668243185010693,0.8924524333727322
hsa-mir-138-5p,0.908877035530036,0.9060559573317236,0.8884267543184297,0.9001579392863926,0.897674356195034,0.8920580167159522,0.8932915947483174,0.8967511719667878,0.8832542866748561,0.8931442559613545,0.9001802166702646,0.8693725454021384,
hsa-mir-590-5p,0.9096645884956586,0.9105879110970236,0.893237331630405,0.9019100288072744,0.8992696122749384,0.8930660380332611,,0.8988666611181383,0.874319006881118,0.8818330468239509,0.9030034839654536,0.8704484138660693,
hsa-mir-124-3p,0.8813992616422698,0.8813795925798269,0.8666996008174677,0.8774616136761682,0.8736044044658569,0.8795793362338993,0.8701177152407014,0.8661895803577384,0.874058200885108,0.8732961479182926,0.8793555650372815,0.8727823149160797,
hsa-mir-1185-1-3p,0.9035092527028582,0.9046223119643848,0.8886355560890993,0.894022138111609,0.8968944834458691,0.8925391795919176,0.8959649834191429,0.896724178903624,0.8843007454296878,0.897239559390656,0.8996251358539905,0.8778052633521289,
hsa-mir-22-5p,0.913081718257339,0.9091290531218216,0.8761434147128688,0.9058674096280784,0.8971773723509044,0.8999763887344512,,0.9040586376119256,0.8907150680417151,0.8942096745446342,0.9020582249055268,0.8789593593300498,0.8972809394531098
hsa-mir-129-1-3p,0.9012248073216956,0.8972492714303136,0.8902617291834325,0.8952522740324378,0.8954164962722433,0.8942553288048748,0.8836100834954067,0.8901402092820941,0.8926924219110292,0.895008797521065,0.8938357803855776,0.8848800389561832,0.890969663820446
hsa-mir-142-3p,0.9256616260781636,0.9247913370604766,0.9000585924206802,0.9230280814193292,0.9170927859357716,0.9098418244550884,0.9185892207008722,0.912313065421469,0.903955989199307,0.908931339927672,0.9177105215148452,0.8849896683198017,
hsa-mir-487a-3p,0.9120377043030816,0.9117789488894952,0.8987277285602999,0.9023502643160084,0.9026255051963374,0.905513425734114,,0.9009242787847634,0.9017716924366816,0.90399235781587,0.9056621557131128,0.8890401938384693,0.90323525187179
hsa-mir-411-5p,0.9180164502714068,0.9180941239861392,0.9061009749354818,0.91015909497136,0.9126850177185548,0.908383948885156,,0.9023458477339172,0.9023145084372468,0.9069951964833608,0.9187609987187096,0.8902534190214181,
hsa-mir-495-3p,0.9160885014883302,0.915664231721494,0.896501457899156,0.9093510041375114,0.9018725971084128,0.908510402310599,,0.902839864714617,0.9044163352006088,0.9020896030866956,0.9070540751684708,0.8935105881007013,
hsa-mir-18a-5p,0.9366322553884506,0.9359641905334164,0.9269264443328564,0.9274652325677912,0.9309857279122064,0.927781245714992,,0.932700551497179,0.9208799090472218,0.9284514955873148,0.9303676807780388,0.9150463018124326,
hsa-mir-486-5p,0.9408336180394764,0.9412680099056706,0.9245770510778792,0.932944038443326,0.9402847546150972,0.9361682118425236,,0.934288402417354,0.9324134327048448,0.934748434389959,0.9332037526775452,0.9227576386984728,
