,URS,miRNA_name
0,URS00002B452B,Hsa-Mir-8-P1a_3p
1,URS000023B77E,hsa-miR-200a-5p
2,URS00003DB428,Hsa-Mir-8-P2a_3p
3,URS00001BB658,Hsa-Mir-8-P3a_5p
4,URS000055BBE5,hsa-miR-429
5,URS00002E99CB,hsa-miR-551a
6,URS0000EFE3BE,Hsa-Mir-551-P1_5p
7,URS000040249F,Hsa-Mir-34-P1_3p
8,URS000030BD69,hsa-miR-34a-5p
9,URS0000EFC8B5,Hsa-Mir-552_3p
10,URS00005AD632,Hsa-Mir-552_5p
11,URS00001E2F7A,hsa-miR-5581-3p
12,URS0000EFCFBB,Hsa-Mir-5581_5p
13,URS00001B2024,Hsa-Mir-30-P1d_5p
14,URS00004DC6A5,hsa-miR-30e-3p
15,URS00000980C2,Hsa-Mir-30-P2b_5p
16,URS0000237FB8,hsa-miR-30c-1-3p
17,URS00005FF45E,Hsa-Mir-101-P2-v1_3p
18,URS00004D302A,Hsa-Mir-101-P1-v1_5p
19,URS000021D7C8,hsa-miR-186-3p
20,URS000015CB3A,Hsa-Mir-186_5p
21,URS0000D54A4C,Hsa-Mir-760_5p
22,URS000075BD83,Hsa-Mir-760_3p
23,URS0000EFF083,Hsa-Mir-137-P1-v2_3p
24,URS000075D65A,Hsa-Mir-137-P1-v1_5p
25,URS000020E2DD,hsa-miR-197-5p
26,URS000061E740,hsa-miR-197-3p
27,URS0000EFEA01,Hsa-Mir-190-P3_3p
28,URS000075CB24,hsa-miR-190b-5p
29,URS000075CFE7,Hsa-Mir-92-P1d_5p
30,URS000025576D,hsa-miR-92b-3p
31,URS00003496BE,hsa-miR-9-3p
32,URS00004208C5,hsa-miR-9-5p
33,URS0000D55446,Hsa-Mir-556_5p
34,URS0000EFDDF7,Hsa-Mir-556_3p
35,URS0000EFC0B4,Hsa-Mir-1295_3p
36,URS0000EFC791,Hsa-Mir-1295_5p
37,URS000042BD45,Hsa-Mir-214-v2_3p
38,URS0000EFE862,Hsa-Mir-214-v2_5p
39,URS00007E4957,Hsa-Mir-199-P1-v2_3p
40,URS0000554A4F,hsa-miR-199a-5p
41,URS00001BCAC5,hsa-miR-488-3p
42,URS000076F07B,Hsa-Mir-488_5p
43,URS000075A76A,hsa-miR-4424
44,URS0000EFF373,Hsa-Mir-4424_3p
45,URS0000EFCB29,Hsa-Mir-1278_5p
46,URS0000171FEC,hsa-miR-1278
47,URS0000229622,hsa-miR-181b-3p
48,URS0000574E81,Hsa-Mir-181-P2b_5p
49,URS000003F252,hsa-miR-181a-3p
50,URS00003DA300,hsa-miR-181a-5p
51,URS0000488C83,hsa-miR-135b-3p
52,URS000001C659,hsa-miR-135b-5p
53,URS0000272A3D,hsa-miR-29c-3p
54,URS0000759F83,Hsa-Mir-29-P2d_5p
55,URS0000EFC521,Hsa-Mir-29-P1b-v2_3p
56,URS0000EFCC4A,Hsa-Mir-29-P2b-v2_5p
57,URS0000220D63,Hsa-Mir-205-P1_5p
58,URS0000D51848,Hsa-Mir-205-P1_3p
59,URS000075D75C,hsa-miR-215-3p
60,URS0000590C39,Hsa-Mir-192-P2_5p
61,URS00007599F9,Hsa-Mir-194-P2_3p
62,URS000029C2DC,hsa-miR-194-5p
63,URS000032BDF4,hsa-miR-4677-5p
64,URS0000372130,hsa-miR-4677-3p
65,URS0000EFC769,Hsa-Mir-511_5p
66,URS00007E4BDA,Hsa-Mir-511_3p
67,URS0000EFE933,Hsa-Mir-3611_3p
68,URS0000EFE939,Hsa-Mir-3611_5p
69,URS0000EFBE1E,Hsa-Mir-605-v2_5p
70,URS0000785093,hsa-miR-605-3p
71,URS000075D5EB,hsa-miR-3924
72,URS0000EFEAB4,Hsa-Mir-3924_5p
73,URS0000D55155,Hsa-Mir-1296_3p
74,URS000002103A,hsa-miR-1296-5p
75,URS0000EFE7DE,Hsa-Mir-7151_3p
76,URS0000EFE901,Hsa-Mir-7151_5p
77,URS00002FAF0F,Hsa-Mir-346_3p
78,URS0000134ADC,hsa-miR-346
79,URS00005743AE,hsa-miR-107
80,URS0000035FEE,Hsa-Mir-103-P1_5p
81,URS00003A42F5,hsa-miR-3085-3p
82,URS0000D56B0E,hsa-miR-3085-5p
83,URS0000759A79,hsa-miR-1287-3p
84,URS00004C5774,hsa-miR-1287-5p
85,URS00000114BC,Hsa-Mir-146-P1_5p
86,URS0000D52743,hsa-miR-146b-3p
87,URS00000F8038,Hsa-Mir-1307_3p
88,URS0000D4FD8F,Hsa-Mir-1307_5p
89,URS0000EFCBEE,Hsa-Mir-6715_5p
90,URS0000552FF1,hsa-miR-6715a-3p
91,URS0000D562D3,hsa-miR-9851-3p
92,URS0000D50487,hsa-miR-9851-5p
93,URS000075C2EC,hsa-miR-3663-3p
94,URS0000EFBF37,Hsa-Mir-3663_5p
95,URS0000446855,hsa-miR-3944-3p
96,URS0000EFC44D,Hsa-Mir-3944_5p
97,URS000055128B,hsa-miR-210-3p
98,URS000075D16F,hsa-miR-210-5p
99,URS000010244B,Hsa-Mir-675_3p
100,URS00004E5112,hsa-miR-675-5p
101,URS00007E3F24,Hsa-Mir-483_3p
102,URS000003575B,hsa-miR-483-5p
103,URS0000759B67,hsa-miR-1343-5p
104,URS00000DA3DF,hsa-miR-1343-3p
105,URS0000D53F1D,Hsa-Mir-670_5p
106,URS0000D5602A,Hsa-Mir-670_3p
107,URS00004E1410,hsa-miR-129-5p
108,URS000048F59D,hsa-miR-129-2-3p
109,URS0000229ECD,hsa-miR-130a-5p
110,URS0000315338,hsa-miR-130a-3p
111,URS000075E4A7,hsa-miR-1908-3p
112,URS00002373FD,hsa-miR-1908-5p
113,URS00000B59A2,hsa-miR-192-3p
114,URS0000155642,hsa-miR-192-5p
115,URS0000065566,hsa-miR-194-3p
116,URS00007E4AED,Hsa-Mir-194-P4_5p
117,URS000023BE29,hsa-miR-139-3p
118,URS000025D232,hsa-miR-139-5p
119,URS00000A939F,hsa-miR-326
120,URS0000D53664,Hsa-Mir-326_5p
121,URS000075D08B,Hsa-Mir-708_3p
122,URS000019D79B,hsa-miR-708-5p
123,URS000075E056,hsa-miR-5579-3p
124,URS0000EFEC85,Hsa-Mir-5579_5p
125,URS0000EFEE54,Hsa-Mir-34-P2a_5p
126,URS00004C43E8,Hsa-Mir-34-P2a_3p
127,URS00002C7B2B,hsa-miR-34c-5p
128,URS00002C7C59,hsa-miR-34c-3p
129,URS00002DABEA,hsa-miR-125b-1-3p
130,URS0000209905,hsa-miR-125b-5p
131,URS00000157F5,hsa-let-7a-2-3p
132,URS0000416056,hsa-let-7a-5p
133,URS00001A405B,hsa-miR-100-3p
134,URS000040D674,hsa-miR-100-5p
135,URS0000346F1C,hsa-miR-200c-5p
136,URS0000192F9C,hsa-miR-200c-3p
137,URS000055E199,hsa-miR-141-5p
138,URS000075EA99,Hsa-Mir-8-P2b_3p
139,URS00007E4955,Hsa-Mir-196-P4_5p
140,URS0000D52528,Hsa-Mir-196-P4_3p
141,URS00004D8280,hsa-miR-615-5p
142,URS000075AA7E,Hsa-Mir-615_3p
143,URS0000113EBB,Hsa-Mir-148-P4_5p
144,URS0000521626,hsa-miR-148b-3p
145,URS0000EFED1F,Hsa-Mir-616_3p
146,URS0000EFE401,Hsa-Mir-616_5p
147,URS000015D23B,hsa-miR-26a-2-3p
148,URS000019B0F7,hsa-miR-26a-5p
149,URS00004023EA,hsa-let-7i-5p
150,URS0000D4F78B,Hsa-Let-7-P2c2_3p
151,URS000075C0BE,hsa-miR-1252-5p
152,URS0000EFD036,Hsa-Mir-1252_3p
153,URS00000AEAF5,hsa-miR-3059-3p
154,URS0000440EED,Hsa-Mir-3059_5p
155,URS00001597DC,hsa-miR-331-5p
156,URS00003DDE27,hsa-miR-331-3p
157,URS00002B4E74,hsa-miR-1251-5p
158,URS0000113463,hsa-miR-1251-3p
159,URS00000DF6D0,hsa-miR-135a-5p
160,URS000075AB6F,hsa-miR-135a-2-3p
161,URS000075E54C,hsa-miR-2276-5p
162,URS000075A253,hsa-miR-2276-3p
163,URS000034AA12,Hsa-Mir-15-P2a_3p
164,URS00001C94E0,hsa-miR-15a-3p
165,URS00003D1AE3,hsa-miR-15a-5p
166,URS00002075FA,hsa-miR-17-5p
167,URS0000D51877,Hsa-Mir-17-P1a_3p
168,URS000035CC3E,hsa-miR-18a-5p
169,URS00004131FE,hsa-miR-18a-3p
170,URS0000759F2F,Hsa-Mir-19-P1a_5p
171,URS000006FDD4,hsa-miR-19a-3p
172,URS0000574A2C,hsa-miR-20a-5p
173,URS000075EA5F,Hsa-Mir-17-P4a_3p
174,URS00001B9622,hsa-miR-19b-1-5p
175,URS000013D17D,hsa-miR-19b-3p
176,URS00001DA458,hsa-miR-92a-1-5p
177,URS00003768C5,hsa-miR-92a-3p
178,URS00000E5433,hsa-miR-208a-3p
179,URS000005FEE9,hsa-miR-208a-5p
180,URS000034979B,hsa-miR-208b-3p
181,URS000075AC54,hsa-miR-208b-5p
182,URS0000EFD076,Hsa-Mir-624_3p
183,URS000031BC7D,hsa-miR-624-5p
184,URS000075D7E6,hsa-miR-5586-3p
185,URS0000EFE321,Hsa-Mir-5586_5p
186,URS0000D54E39,Hsa-Mir-3173_3p
187,URS0000EFE1DA,Hsa-Mir-3173_5p
188,URS0000D516DD,Hsa-Mir-342_5p
189,URS000075B70E,Hsa-Mir-342_3p
190,URS000005D4F5,hsa-miR-345-5p
191,URS0000384659,hsa-miR-345-3p
192,URS0000EFD7FA,Hsa-Mir-770_5p
193,URS0000EFF157,Hsa-Mir-770_3p
194,URS0000077AED,hsa-miR-493-5p
195,URS000075AECC,Hsa-Mir-493_3p
196,URS0000EFD366,Hsa-Mir-337-as_3p
197,URS0000306C70,hsa-miR-337-5p
198,URS00005304F3,Hsa-Mir-337-as_5p
199,URS0000564D66,hsa-miR-337-3p
200,URS000043908D,hsa-miR-431-5p
201,URS0000086A4D,hsa-miR-431-3p
202,URS000025F226,hsa-miR-433-5p
203,URS000024DFCE,hsa-miR-433-3p
204,URS000054939C,Hsa-Mir-127_5p
205,URS00001E3DAA,hsa-miR-127-3p
206,URS00001C406A,hsa-miR-432-5p
207,URS00007E4556,Hsa-Mir-432_3p
208,URS0000147F3E,Hsa-Mir-136-v2_5p
209,URS000010D13C,Hsa-Mir-136-v2_3p
210,URS000075E3E2,hsa-miR-370-5p
211,URS00004900F1,hsa-miR-370-3p
212,URS000060A1F4,hsa-miR-379-5p
213,URS00003E729D,Hsa-Mir-154-P1_3p
214,URS00000C5BAA,hsa-miR-411-5p
215,URS0000330D08,Hsa-Mir-154-P2-v1_3p
216,URS000017DBB8,hsa-miR-299-5p
217,URS00003B1F5C,hsa-miR-299-3p
218,URS0000310E32,Hsa-Mir-154-P4_5p
219,URS000021AC0D,Hsa-Mir-154-P4_3p
220,URS000075B10C,Hsa-Mir-154-P5_5p
221,URS00003E5E03,hsa-miR-1197
222,URS000075EA1B,Hsa-Mir-154-P6a-v1_5p
223,URS000075D468,Hsa-Mir-154-P6a-v2_3p
224,URS00007E3FDA,Hsa-Mir-154-P7_5p
225,URS000024B619,hsa-miR-758-3p
226,URS0000D50C1E,Hsa-Mir-154-P8b_5p
227,URS00004C46CF,hsa-miR-329-3p
228,URS000075CDF9,hsa-miR-494-5p
229,URS0000031935,Hsa-Mir-154-P9_3p
230,URS00007E4896,Hsa-Mir-154-P10_5p
231,URS000075C9E0,Hsa-Mir-154-P10_3p
232,URS0000EFDB8C,Hsa-Mir-154-P11_5p
233,URS000019F055,hsa-miR-543
234,URS00004FFC5A,hsa-miR-495-5p
235,URS000005A8ED,hsa-miR-495-3p
236,URS0000006BE3,Hsa-Mir-376-P2_5p
237,URS00005E651E,hsa-miR-376c-3p
238,URS0000EFC5CA,Hsa-Mir-376-P3_5p
239,URS000041E11D,hsa-miR-376a-3p
240,URS00002B0B46,hsa-miR-654-5p
241,URS0000EFC56F,Hsa-Mir-154-P14_3p
242,URS000075E4B0,Error
243,URS000032A93F,hsa-miR-376a-5p
244,URS00004F1E1F,Hsa-Mir-154-P16b_5p
245,URS000016E46F,hsa-miR-1185-1-3p
246,URS0000484751,hsa-miR-1185-2-3p
247,URS00004E637D,Hsa-Mir-154-P17_5p
248,URS00001FFA8C,hsa-miR-381-3p
249,URS000075B2DC,hsa-miR-487b-5p
250,URS000015B295,hsa-miR-487b-3p
251,URS0000EFED7D,Error
252,URS0000EFF2FB,Hsa-Mir-154-P19_3p
253,URS000075AAF0,hsa-miR-889-5p
254,URS000045B99E,hsa-miR-889-3p
255,URS0000EFEE85,Hsa-Mir-544_5p
256,URS000075CDE1,Hsa-Mir-544_3p
257,URS000075AA28,hsa-miR-655-5p
258,URS00005E1A16,hsa-miR-655-3p
259,URS000075BB46,hsa-miR-487a-5p
260,URS000016FD1B,hsa-miR-487a-3p
261,URS000035E174,hsa-miR-382-5p
262,URS000020AAEE,Hsa-Mir-154-P24_3p
263,URS0000272A92,hsa-miR-134-5p
264,URS000075A6A6,Hsa-Mir-134_3p
265,URS00001DB0F9,Hsa-Mir-154-P25_5p
266,URS000006372A,hsa-miR-485-3p
267,URS000075D04C,hsa-miR-323b-5p
268,URS0000D5669E,Hsa-Mir-154-P6b_3p
269,URS000008931A,hsa-miR-154-5p
270,URS00000C0921,hsa-miR-154-3p
271,URS000003BF62,hsa-miR-496
272,URS000036BEF1,hsa-miR-377-5p
273,URS000007F792,hsa-miR-377-3p
274,URS0000076E54,hsa-miR-541-5p
275,URS000075A3AC,hsa-miR-541-3p
276,URS0000081E1F,hsa-miR-409-5p
277,URS00002915C8,hsa-miR-409-3p
278,URS0000321A1A,hsa-miR-412-5p
279,URS0000EFD7CA,Hsa-Mir-154-P31_3p
280,URS00000B75C5,Hsa-Mir-154-P32_5p
281,URS0000442B0D,hsa-miR-369-3p
282,URS00002233F4,hsa-miR-410-5p
283,URS000047E765,hsa-miR-410-3p
284,URS000075DD8D,hsa-miR-656-5p
285,URS0000202460,hsa-miR-656-3p
286,URS00004104C4,Hsa-Mir-1247_3p
287,URS000057DF36,hsa-miR-1247-5p
288,URS00007E4AE6,Hsa-Mir-203-v1_5p
289,URS00004DA9DB,hsa-miR-203a-3p
290,URS0000044FD7,hsa-miR-211-3p
291,URS00001A3555,hsa-miR-211-5p
292,URS0000EFEB4F,Hsa-Mir-3942_3p
293,URS0000116426,Hsa-Mir-3942_5p
294,URS0000EFC747,Hsa-Mir-147-v1_5p
295,URS0000424278,Hsa-Mir-147-v1_3p
296,URS0000759C7A,hsa-miR-1266-3p
297,URS00005FDCD1,hsa-miR-1266-5p
298,URS0000D561A8,Hsa-Mir-628_3p
299,URS00004B83FE,hsa-miR-628-5p
300,URS0000EFE306,Hsa-Mir-2116_3p
301,URS00000BA274,hsa-miR-2116-5p
302,URS000075AC6E,Hsa-Mir-190-P1_5p
303,URS000075E84C,Hsa-Mir-190-P1_3p
304,URS00004065BA,hsa-miR-629-3p
305,URS0000EFBAFF,Hsa-Mir-629_5p
306,URS0000759A11,Hsa-Mir-184_5p
307,URS0000543D82,hsa-miR-184
308,URS0000EFECCA,Hsa-Mir-1276_3p
309,URS0000EFE32B,Hsa-Mir-1276_5p
310,URS0000161522,hsa-miR-7-5p
311,URS0000572E11,hsa-miR-7-2-3p
312,URS0000243FF1,hsa-miR-3174
313,URS0000EFF2C0,Hsa-Mir-3174_3p
314,URS00000E1DC5,hsa-miR-193b-5p
315,URS00000AA464,hsa-miR-193b-3p
316,URS000031B6ED,hsa-miR-365a-5p
317,URS00003E7283,hsa-miR-365a-3p
318,URS00004196F5,Hsa-Mir-3180-P2_5p
319,URS00002C4233,hsa-miR-3180-3p
320,URS000040780F,hsa-miR-138-5p
321,URS000075AA94,hsa-miR-138-2-3p
322,URS00005FDE70,hsa-miR-328-3p
323,URS000053D2B7,Hsa-Mir-328_5p
324,URS0000EFEAE6,Hsa-Mir-140-P2-v2_5p
325,URS000018A236,Hsa-Mir-140-P2-v2_3p
326,URS0000EFB9BF,Hsa-Mir-7854_5p
327,URS0000EFD7ED,Hsa-Mir-7854_3p
328,URS0000EFCD92,Hsa-Mir-1910_3p
329,URS00004F2EB0,hsa-miR-1910-5p
330,URS0000096022,hsa-miR-22-3p
331,URS0000142DC3,hsa-miR-22-5p
332,URS00006054DA,hsa-miR-132-3p
333,URS0000028BB8,hsa-miR-132-5p
334,URS00005D93A0,Hsa-Mir-132-P2_3p
335,URS00001AFC71,hsa-miR-212-5p
336,URS000075E232,Hsa-Mir-15-P2d_3p
337,URS0000072D03,Hsa-Mir-15-P2d_5p
338,URS000007D64A,hsa-miR-497-3p
339,URS00002AE1D6,Hsa-Mir-15-P1d_5p
340,URS000075BA95,Hsa-Mir-324_3p
341,URS000005481D,Hsa-Mir-324_5p
342,URS00002ED61F,hsa-miR-744-5p
343,URS000075AD75,Hsa-Mir-744_3p
344,URS000015C522,hsa-miR-4731-3p
345,URS00005E08E8,hsa-miR-4731-5p
346,URS0000738AF6,Hsa-Mir-33-P1_3p
347,URS0000D553D9,Hsa-Mir-33-P1_5p
348,URS0000079D48,hsa-miR-1180-3p
349,URS00007769A4,hsa-miR-1180-5p
350,URS0000D54E08,Hsa-Mir-144_3p
351,URS000004F117,Hsa-Mir-144-v2_5p
352,URS00001C8A86,hsa-miR-423-5p
353,URS00000BE495,hsa-miR-423-3p
354,URS0000367985,hsa-miR-193a-5p
355,URS00005DBAF3,hsa-miR-193a-3p
356,URS00005EEDFF,Hsa-Mir-193-P2a_5p
357,URS00003AFD9B,hsa-miR-152-3p
358,URS000000C73C,hsa-miR-152-5p
359,URS0000448565,Hsa-Mir-10-P1c-v2_3p
360,URS0000EFCF5E,Hsa-Mir-196-P3_3p
361,URS00000DA6A7,hsa-miR-196a-5p
362,URS00002620A7,hsa-miR-142-3p
363,URS000075E62A,Hsa-Mir-142-P2-v4_5p
364,URS0000D510F1,Hsa-Mir-130-P3b_3p
365,URS0000D51C12,Hsa-Mir-130-P3b_5p
366,URS00001C11BC,hsa-miR-301a-3p
367,URS000020C95B,hsa-miR-301a-5p
368,URS00004270D7,Hsa-Mir-21_5p
369,URS00007629C2,Hsa-Mir-21_3p
370,URS0000475586,hsa-miR-4524a-3p
371,URS0000EFBFAC,Hsa-Mir-4524_5p
372,URS000075B45F,Hsa-Mir-338-P2_3p
373,URS0000EFB9F2,Hsa-Mir-338-P2-as_5p
374,URS000022FB85,Hsa-Mir-338-P2_5p
375,URS000029D793,hsa-miR-3065-3p
376,URS00004883E0,Hsa-Mir-133-P1-v2_3p
377,URS00004AF952,Hsa-Mir-133-P1-v1_5p
378,URS00001DC04F,hsa-miR-1-3p
379,URS000058AECB,Hsa-Mir-1-P2_5p
380,URS00001EB9FC,hsa-miR-187-3p
381,URS0000EFB9DE,Hsa-Mir-187_5p
382,URS00003380CC,hsa-miR-122-5p
383,URS000075BAE6,hsa-miR-122-3p
384,URS0000486E0B,hsa-miR-3187-5p
385,URS00000D06BF,Hsa-Mir-3187_3p
386,URS0000EFD2BF,Hsa-Mir-7-P4_3p
387,URS000059273E,hsa-miR-24-3p
388,URS00004AB133,Hsa-Mir-24-P3_5p
389,URS00003B95DA,hsa-miR-27a-3p
390,URS00001B341F,hsa-miR-27a-5p
391,URS0000391DB6,microRNA miR-23
392,URS00005070A9,hsa-miR-23a-5p
393,URS00007E4F21,Hsa-Mir-181-P1c_5p
394,URS00005AF7FD,Hsa-Mir-181-P1c_3p
395,URS00005FB8F2,Hsa-Mir-181-P2c_5p
396,URS000075BC1D,Hsa-Mir-181-P2c_3p
397,URS0000EFC670,Hsa-Mir-1270_3p
398,URS00002E0524,hsa-miR-1270
399,URS0000D565DE,Hsa-Mir-330-v1_3p
400,URS0000EFBCA6,Hsa-Mir-330-v2_5p
401,URS00000F2C33,hsa-miR-642a-5p
402,URS00000E7139,hsa-miR-642a-3p
403,URS00004E008F,hsa-miR-769-5p
404,URS0000EFBEF7,Hsa-Mir-769_3p
405,URS00007E46EF,Hsa-Mir-150_3p
406,URS000016FD1A,hsa-miR-150-5p
407,URS00002C10B3,hsa-miR-99b-5p
408,URS00001C308D,hsa-miR-99b-3p
409,URS000000B1C9,hsa-let-7e-5p
410,URS0000409B45,hsa-let-7e-3p
411,URS00005A4DCF,hsa-miR-125a-5p
412,URS00001F0C23,hsa-miR-125a-3p
413,URS0000EFD4D1,Hsa-Mir-430-P8b_5p
414,URS000020F110,hsa-miR-512-3p
415,URS000058276F,hsa-miR-1323
416,URS00007E4C0F,Hsa-Mir-430-P9_3p
417,URS00004CCA62,hsa-miR-498-5p
418,URS0000EFCDAC,Hsa-Mir-430-P10_3p
419,URS0000EFD4CE,Hsa-Mir-430-P11_5p
420,URS0000EFD3A8,Hsa-Mir-430-P11_3p
421,URS00000A68B2,hsa-miR-515-5p
422,URS000075DC5B,hsa-miR-515-3p
423,URS000075AC86,hsa-miR-519e-5p
424,URS0000EFC9D1,Hsa-Mir-430-P13_3p
425,URS000075BA1C,hsa-miR-520f-5p
426,URS0000EFDC92,Hsa-Mir-430-P14_3p
427,URS00005ECFE5,hsa-miR-518e-5p
428,URS000037D7E5,hsa-miR-519c-3p
429,URS0000EFCB58,Hsa-Mir-430-P16b_5p
430,URS0000EFEF84,Hsa-Mir-430-P16a_3p
431,URS0000534239,hsa-miR-520a-5p
432,URS0000EFE5E7,Hsa-Mir-430-P17_3p
433,URS0000EFE349,Hsa-Mir-430-P18_5p
434,URS000038B25B,hsa-miR-526b-3p
435,URS00003883FE,hsa-miR-519b-3p
436,URS0000EFCD47,Hsa-Mir-430-P20_5p
437,URS000075C235,hsa-miR-525-3p
438,URS0000EFC7D9,Hsa-Mir-430-P21_3p
439,URS000041D720,Hsa-Mir-430-P26_5p
440,URS0000EFD587,Hsa-Mir-430-P22_3p
441,URS0000EFC6A8,Hsa-Mir-430-P24_5p
442,URS00003676C9,hsa-miR-518b
443,URS000049A7EB,hsa-miR-520c-3p
444,URS0000EFE65E,Hsa-Mir-430-P27_5p
445,URS000001156F,Hsa-Mir-430-P27_3p
446,URS00003E236A,hsa-miR-524-5p
447,URS0000EFF281,Hsa-Mir-430-P28_3p
448,URS0000227241,hsa-miR-517-5p
449,URS00000D4AB5,hsa-miR-517b-3p
450,URS0000301C0E,Hsa-Mir-430-P30_5p
451,URS00003122BC,Hsa-Mir-430-P30_3p
452,URS0000EFC847,Hsa-Mir-430-P31a_5p
453,URS00001DBB42,hsa-miR-521
454,URS000019784B,Hsa-Mir-430-P32_5p
455,URS000075D962,hsa-miR-520d-3p
456,URS0000EFE891,Hsa-Mir-430-P33b_5p
457,URS0000EFEC23,Hsa-Mir-430-P33b_3p
458,URS0000EFB9E5,Hsa-Mir-430-P34a_5p
459,URS0000EFD20C,Hsa-Mir-430-P41b_3p
460,URS0000EFF4A0,Hsa-Mir-430-P36_3p
461,URS0000EFDE27,Hsa-Mir-430-P37b_3p
462,URS00004E7DAF,Hsa-Mir-430-P34b_5p
463,URS00003FBECA,hsa-miR-517c-3p
464,URS0000EFF454,Hsa-Mir-430-P31b_5p
465,URS000075E661,hsa-miR-522-3p
466,URS0000EFEC86,Hsa-Mir-430-P40a_5p
467,URS0000135E29,hsa-miR-519a-3p
468,URS0000EFEDDE,Hsa-Mir-430-P41b_5p
469,URS0000EFB9EB,Hsa-Mir-430-P16b_3p
470,URS00004B8193,Hsa-Mir-430-P23_5p
471,URS0000EFC15A,Hsa-Mir-430-P5_5p
472,URS000075B452,hsa-miR-371a-3p
473,URS000075B4E5,hsa-miR-372-5p
474,URS0000759ECA,hsa-miR-372-3p
475,URS000075AC39,hsa-miR-373-5p
476,URS0000508C13,hsa-miR-373-3p
477,URS0000EFEB6F,Hsa-Mir-935-v2_5p
478,URS000033EBB8,hsa-miR-935
479,URS00000FC8EB,hsa-miR-1301-3p
480,URS0000EFE356,Hsa-Mir-1301_5p
481,URS000075C6FD,Hsa-Mir-217-v2_3p
482,URS0000EFCBDA,Hsa-Mir-217-v2_5p
483,URS00000458CF,Hsa-Mir-216-P2b_3p
484,URS00007E375B,Hsa-Mir-216-P2b_5p
485,URS0000EFCE48,Hsa-Mir-216-P2a_3p
486,URS000046CDA6,hsa-miR-216b-5p
487,URS0000022AAA,hsa-miR-3126-5p
488,URS0000052E4D,hsa-miR-3126-3p
489,URS0000170D8B,hsa-miR-3127-5p
490,URS0000292363,hsa-miR-3127-3p
491,URS0000537082,hsa-miR-128-1-5p
492,URS000024A59E,hsa-miR-128-3p
493,URS000075A952,Hsa-Mir-10-P1b-v2_5p
494,URS00005C4DD5,Hsa-Mir-10-P1b-v2_3p
495,URS000040828B,hsa-miR-561-5p
496,URS000075D1DD,hsa-miR-561-3p
497,URS0000306FCC,Hsa-Mir-2355_3p
498,URS00003A2C6C,Hsa-Mir-2355_5p
499,URS00000E73CB,Hsa-Mir-26-P2_5p
500,URS000003ABC4,Hsa-Mir-26-P2_3p
501,URS00000ED600,hsa-miR-375-3p
502,URS000075CCDA,hsa-miR-375-5p
503,URS0000068B85,hsa-miR-153-3p
504,URS000075ACEA,Hsa-Mir-153-P2_5p
505,URS0000533099,hsa-miR-2467-3p
506,URS0000D52110,Hsa-Mir-2467_5p
507,URS00001C770D,hsa-miR-149-5p
508,URS000075A34E,Hsa-Mir-149_3p
509,URS000031E300,has-miR-mizuguchi-229
510,URS0000476BE1,hsa-miR-103a-3p
511,URS000017B171,Hsa-Mir-499_5p
512,URS000075BB59,hsa-miR-499a-3p
513,URS000075EDB5,hsa-miR-3617-3p
514,URS000012846D,hsa-miR-3617-5p
515,URS000048D44E,hsa-miR-3194-3p
516,URS00002C5B6C,Hsa-Mir-3194_5p
517,URS000075A439,Hsa-Mir-296_3p
518,URS00001C3AC1,hsa-miR-296-5p
519,URS0000332B22,Hsa-Mir-1-P3_5p
520,URS0000EFF0CE,Hsa-Mir-124-P3-v2_5p
521,URS00000ADB79,hsa-miR-124-3p
522,URS0000EFDA0A,Hsa-Mir-1914_3p
523,URS0000EFD0AE,Hsa-Mir-1914_5p
524,URS0000157026,hsa-miR-99a-5p
525,URS00007E3F2D,Hsa-Mir-10-P2c_3p
526,URS000050DE77,hsa-let-7c-5p
527,URS000060A34C,hsa-let-7c-3p
528,URS00004FCB5F,Hsa-Mir-10-P3c_3p
529,URS0000D54CAD,hsa-miR-155-5p
530,URS000034309A,hsa-miR-155-3p
531,URS000075AA73,Hsa-Mir-459_5p
532,URS0000D50113,Hsa-Mir-459_3p
533,URS00004176D4,hsa-miR-185-5p
534,URS00004A4E27,Hsa-Mir-185_3p
535,URS00002EF20A,hsa-miR-1286
536,URS0000EFDDED,Hsa-Mir-1286_5p
537,URS000076F524,hsa-miR-301b-5p
538,URS0000251D0B,hsa-miR-301b-3p
539,URS00003BD810,Hsa-Mir-130-P4a_5p
540,URS00002C0FCB,hsa-miR-130b-3p
541,URS00004A4659,microRNA hsa-miR-3200-5p
542,URS000000CFDB,has-miR-mizuguchi-153
543,URS0000EFDC51,Hsa-Mir-3909_5p
544,URS000022B729,hsa-miR-3909
545,URS0000EFEA85,Hsa-Mir-4766_3p
546,URS00007E4E45,Hsa-Mir-4766_5p
547,URS0000483184,hsa-miR-33a-5p
548,URS000015B89D,Hsa-Mir-33-P3_3p
549,URS000060AABB,hsa-miR-1249-3p
550,URS0000EFE252,Hsa-Mir-1249_5p
551,URS000053966D,hsa-miR-3619-5p
552,URS0000EFEBBA,Hsa-Mir-3619_3p
553,URS000004F5D8,hsa-let-7a-3p
554,URS0000324096,hsa-let-7b-5p
555,URS000075A5AC,Hsa-Let-7-P2b2_3p
556,URS00003F4546,hsa-miR-885-3p
557,URS0000246356,hsa-miR-885-5p
558,URS000075ECF1,hsa-miR-128-2-5p
559,URS00000C0D3F,hsa-miR-26a-1-3p
560,URS00005604C2,Hsa-Mir-138-P1_3p
561,URS0000EFB9DB,Hsa-Mir-2115_3p
562,URS000075D549,hsa-miR-2115-5p
563,URS0000EFCCF2,Hsa-Mir-425_3p
564,URS0000740D26,Hsa-Mir-425_5p
565,URS00002B2B5C,hsa-miR-191-3p
566,URS00005C2E31,hsa-miR-191-5p
567,URS000029979D,hsa-let-7g-3p
568,URS00004AFF8D,hsa-let-7g-5p
569,URS000077D324,Hsa-Mir-135-P1_3p
570,URS0000EFF321,Hsa-Mir-3136_3p
571,URS00000AF45F,hsa-miR-3136-5p
572,URS0000D54054,hsa-miR-6529-3p
573,URS000075A109,Hsa-Mir-6529_5p
574,URS00004AD914,hsa-miR-15b-5p
575,URS000045A9D7,hsa-miR-15b-3p
576,URS0000D54345,Hsa-Mir-551-P2_5p
577,URS000008C563,hsa-miR-551b-3p
578,URS00003E47B1,hsa-miR-28-5p
579,URS00001799A3,hsa-miR-28-3p
580,URS0000EFCFC4,Hsa-Mir-944_5p
581,URS000004203C,hsa-miR-944
582,URS00002E2DE7,hsa-miR-95-3p
583,URS0000EFF58C,Hsa-Mir-95_5p
584,URS0000EFC6B0,Hsa-Mir-3138_3p
585,URS0000EFDA9B,Hsa-Mir-3138_5p
586,URS00001BF5DD,Hsa-Mir-218-P1_5p
587,URS000075C92B,Hsa-Mir-574_5p
588,URS00001CF056,hsa-miR-574-3p
589,URS0000EFC130,Hsa-Mir-1269_5p
590,URS0000026A1D,hsa-miR-1269a
591,URS0000EFE0B9,Hsa-Mir-576_5p
592,URS0000EFBCCD,Hsa-Mir-576_3p
593,URS00001D5AA3,hsa-miR-367-3p
594,URS000075F0DB,hsa-miR-367-5p
595,URS000041E949,hsa-miR-302d-3p
596,URS00005FD395,Hsa-Mir-430-P4_5p
597,URS0000070CD2,hsa-miR-302a-3p
598,URS000075C59E,hsa-miR-302a-5p
599,URS000075B424,Hsa-Mir-430-P3_3p
600,URS0000EFC54B,Hsa-Mir-430-P3_5p
601,URS0000346991,hsa-miR-302b-3p
602,URS0000EFE0F8,Hsa-Mir-430-P1_5p
603,URS0000EFE07B,Hsa-Mir-577_5p
604,URS00007E44F9,Hsa-Mir-577_3p
605,URS00001D3D8E,Hsa-Mir-3140_3p
606,URS0000366959,hsa-miR-3140-5p
607,URS000036C820,hsa-miR-4637
608,URS0000EFCF00,Hsa-Mir-4637_5p
609,URS0000EFD3F0,Hsa-Mir-887_5p
610,URS0000EFBB41,Hsa-Mir-887_3p
611,URS00001B0D1E,hsa-miR-579-3p
612,URS0000EFC9FD,Hsa-Mir-579_5p
613,URS000075D9A5,hsa-miR-580-3p
614,URS00008E39A0,hsa-miR-580-5p
615,URS0000EFE90F,Hsa-Mir-34-P3c_3p
616,URS00001F5B39,hsa-miR-449a
617,URS0000EFC55F,Hsa-Mir-34-P3b_3p
618,URS0000EFED4E,Hsa-Mir-34-P3b_5p
619,URS0000D4F8DC,Hsa-Mir-34-P3a-v1_3p
620,URS0000EFEE17,Hsa-Mir-34-P3a-v1_5p
621,URS000075E517,hsa-miR-5687
622,URS0000EFC6D9,Hsa-Mir-5687_5p
623,URS0000EFC666,Hsa-Mir-582_3p
624,URS00000B0E50,hsa-miR-582-5p
625,URS0000759E9E,Hsa-Mir-874_3p
626,URS000073891E,hsa-miR-874-5p
627,URS00007E3F1F,Hsa-Mir-584_3p
628,URS000075EA0D,Hsa-Mir-584_5p
629,URS0000365CE3,Hsa-Mir-143_5p
630,URS00005C2A6D,hsa-miR-143-3p
631,URS0000527F89,hsa-miR-145-5p
632,URS000052F380,hsa-miR-145-3p
633,URS00004BAA8A,hsa-miR-378a-5p
634,URS00000451A1,hsa-miR-378a-3p
635,URS00001C85C7,hsa-miR-1294
636,URS0000EFBB88,Hsa-Mir-1294_3p
637,URS00001F9D6B,Hsa-Mir-146-P1_5p
638,URS0000EFD8AA,Hsa-Mir-146-P1_3p
639,URS00005812A9,hsa-miR-103a-1-5p
640,URS000077E5F6,Hsa-Mir-218-P4_3p
641,URS0000EFC269,Hsa-Mir-585_3p
642,URS000077ACC0,hsa-miR-585-5p
643,URS00001F61BA,hsa-miR-1271-5p
644,URS00001D4A78,hsa-miR-1271-3p
645,URS000075B7F3,Hsa-Mir-340_3p
646,URS0000007FBA,hsa-miR-340-5p
647,URS000075E023,hsa-miR-5683
648,URS0000EFDAEF,Hsa-Mir-5683_3p
649,URS00007E4606,Hsa-Mir-219-P3_5p
650,URS0000EFC313,Hsa-Mir-219-P1_3p
651,URS0000EFCB1B,Hsa-Mir-3934_5p
652,URS000075B5A4,hsa-miR-3934-3p
653,URS0000D50206,Hsa-Mir-1-P2_5p
654,URS000034B6F5,hsa-miR-206
655,URS000032BD73,hsa-miR-133b
656,URS0000527228,hsa-miR-30c-2-3p
657,URS0000065D58,hsa-miR-30a-3p
658,URS000016A0BF,Hsa-Mir-30-P1b_5p
659,URS0000EFE836,Hsa-Mir-3144-v2_3p
660,URS0000EFB9DA,Hsa-Mir-3145_3p
661,URS00002D2333,hsa-miR-3145-5p
662,URS000075C082,hsa-miR-1913
663,URS0000EFD951,Hsa-Mir-1913_5p
664,URS000055B190,hsa-miR-339-3p
665,URS000003FD55,hsa-miR-339-5p
666,URS00005F9DAE,hsa-miR-589-3p
667,URS0000EFCB62,Hsa-Mir-589_5p
668,URS0000269D6E,Hsa-Mir-3146_3p
669,URS0000EFC959,Hsa-Mir-3146_5p
670,URS00003BBF48,hsa-miR-148a-3p
671,URS00003E16E5,hsa-miR-148a-5p
672,URS000075A937,Hsa-Mir-196-P1_3p
673,URS000075D908,Hsa-Mir-196-P1_5p
674,URS0000EFBCFB,Hsa-Mir-550-P2b_3p
675,URS0000EFE39F,Hsa-Mir-550-P2a_5p
676,URS00003FFA6C,hsa-miR-550a-5p
677,URS00005CACA0,hsa-miR-590-5p
678,URS0000272039,hsa-miR-590-3p
679,URS000075C1A7,hsa-miR-653-3p
680,URS0000EFD2C8,Hsa-Mir-653_5p
681,URS0000EFDE36,Hsa-Mir-489-v2_3p
682,URS00004F9744,hsa-miR-25-3p
683,URS000053B290,Hsa-Mir-92-P2d_5p
684,URS000075DD98,Hsa-Mir-17-P4d_3p
685,URS0000149452,hsa-miR-93-5p
686,URS00003841F3,Hsa-Mir-17-P3c_3p
687,URS00004449AE,hsa-miR-106b-5p
688,URS000027A419,Hsa-Mir-592_3p
689,URS00004F507C,hsa-miR-592
690,URS00004CCDA3,hsa-miR-129-1-3p
691,URS000075B447,hsa-miR-182-3p
692,URS00001CC379,hsa-miR-182-5p
693,URS000075EC9A,Hsa-Mir-96-P1_3p
694,URS000016FF9C,hsa-miR-96-5p
695,URS000073E415,Hsa-Mir-96-P3-v1_3p
696,URS000075E13C,Hsa-Mir-96-P3-v2_5p
697,URS000075A30F,Hsa-Mir-335_5p
698,URS00005092C2,hsa-miR-335-3p
699,URS00002F4D78,hsa-miR-29a-3p
700,URS000013C21E,Hsa-Mir-29-P2b_5p
701,URS00001123BD,hsa-miR-29b-1-5p
702,URS00004556E5,hsa-miR-490-5p
703,URS000075B0CE,Hsa-Mir-490_3p
704,URS00002E6F0C,Hsa-Mir-671_5p
705,URS00002B7450,hsa-miR-671-3p
706,URS000075DD05,Hsa-Mir-153-P1_5p
707,URS000028FD1A,hsa-miR-598-3p
708,URS000075F0D1,hsa-miR-598-5p
709,URS0000406128,Hsa-Mir-383-v1_3p
710,URS00000C5969,hsa-miR-383-5p
711,URS00003B59DF,hsa-miR-3622a-5p
712,URS0000086C68,Hsa-Mir-3622_3p
713,URS0000EFD2C9,Hsa-Mir-486_3p
714,URS00004BF1DC,hsa-miR-486-5p
715,URS000011C106,hsa-miR-4661-5p
716,URS00001D68C9,hsa-miR-4661-3p
717,URS0000EFE67F,Hsa-Mir-599_3p
718,URS00007E43AB,Hsa-Mir-599_5p
719,URS0000EFF36A,Hsa-Mir-875_3p
720,URS0000312ECD,hsa-miR-875-5p
721,URS00005140D0,hsa-miR-4662a-5p
722,URS0000215483,hsa-miR-4662a-3p
723,URS00002152A8,hsa-miR-30b-3p
724,URS00005165DA,hsa-miR-30b-5p
725,URS00004B2A47,hsa-miR-30d-3p
726,URS00004150D5,Hsa-Mir-30-P1a_5p
727,URS00007E48AA,Hsa-Mir-28-P2_3p
728,URS000028BBF9,Hsa-Mir-151_5p
729,URS000044EF2B,hsa-miR-4664-3p
730,URS00005A06DD,hsa-miR-4664-5p
731,URS00002391F4,Hsa-Mir-491_5p
732,URS0000202B65,hsa-miR-491-3p
733,URS00002B9AD0,Hsa-Mir-31_3p
734,URS00007E37C8,Hsa-Mir-31_5p
735,URS00002E8D60,hsa-miR-876-3p
736,URS0000EFC64B,Hsa-Mir-876-v1_5p
737,URS0000D50DD3,Hsa-Mir-873-v1_3p
738,URS0000EFE129,Hsa-Mir-873-v2_5p
739,URS000059A01D,hsa-miR-204-3p
740,URS000029D9F1,hsa-miR-204-5p
741,URS000028D811,hsa-miR-7-1-3p
742,URS00003B7674,hsa-let-7f-5p
743,URS000075A53C,Hsa-Let-7-P2b1_3p
744,URS00000A07C1,hsa-let-7d-5p
745,URS00007E4F2D,Hsa-Let-7-P2c1_3p
746,URS000055BB1F,hsa-miR-23b-5p
747,URS00004E57E7,hsa-miR-23b-3p
748,URS000075EA7B,Hsa-Mir-27-P2_5p
749,URS000059311D,hsa-miR-27b-3p
750,URS0000232BE1,Hsa-Mir-24-P2_5p
751,URS000039DEB8,Hsa-Mir-32_3p
752,URS00004C47FB,hsa-miR-32-5p
753,URS00000AD002,hsa-miR-455-5p
754,URS00007E4FC7,Hsa-Mir-455-v1_3p
755,URS0000241987,hsa-miR-181a-2-3p
756,URS000009F727,Hsa-Mir-181-P2b_3p
757,URS0000029EBD,hsa-miR-199b-5p
758,URS00004ACAAA,hsa-miR-219a-2-3p
759,URS0000527B00,hsa-miR-219b-5p
760,URS00006008F2,Hsa-Mir-219-P2_5p
761,URS0000603CA3,hsa-miR-219b-3p
762,URS0000EFC9F6,Hsa-Mir-126-P2-v3_5p
763,URS00007E4C77,Hsa-Mir-126-P2-v3_3p
764,URS0000EFC7BD,Hsa-Mir-3690_5p
765,URS0000EFD442,Hsa-Mir-3690_3p
766,URS000049FAE8,hsa-miR-651-5p
767,URS000075D3EF,hsa-miR-651-3p
768,URS0000170CF4,hsa-miR-221-3p
769,URS00003713CD,Hsa-Mir-221-P2a_5p
770,URS00005D117C,Hsa-Mir-221-P1a_3p
771,URS0000D507CB,Hsa-Mir-221-P1a_5p
772,URS00004E8341,hsa-miR-532-5p
773,URS00004B4B85,hsa-miR-532-3p
774,URS00000DE63C,Hsa-Mir-188-P2_5p
775,URS000061AB33,hsa-miR-188-3p
776,URS0000D4F69C,Hsa-Mir-362-P3b_5p
777,URS0000173A33,Hsa-Mir-362-P4_5p
778,URS00003A19A3,hsa-miR-362-3p
779,URS0000EFED03,Hsa-Mir-362-P5_5p
780,URS0000EFCE2E,Hsa-Mir-362-P5_3p
781,URS0000EFED4F,Hsa-Mir-362-P3b_3p
782,URS00007E4104,Hsa-Mir-188-P3_5p
783,URS0000206217,Hsa-Mir-188-P3_3p
784,URS0000D4FEC2,Hsa-Mir-362-P6_5p
785,URS0000D5601B,Hsa-Mir-362-P6_3p
786,URS000075A71C,Hsa-Let-7-P2b3_3p
787,URS00004E0808,hsa-miR-98-5p
788,URS00004747E1,Hsa-Let-7-P2a3_3p
789,URS00000D5CE2,Hsa-Mir-223-v1_5p
790,URS00007E3675,Hsa-Mir-223-v1_3p
791,URS000075F0C5,hsa-miR-676-5p
792,URS00004407DC,hsa-miR-676-3p
793,URS000075B4AD,Hsa-Mir-95-P2_3p
794,URS0000D50E93,Hsa-Mir-421-P2_5p
795,URS00001EFEC1,hsa-miR-374b-3p
796,URS000033F45D,hsa-miR-374b-5p
797,URS0000285DCB,hsa-miR-374a-3p
798,URS000029E173,hsa-miR-374a-5p
799,URS0000EFF3EA,Hsa-Mir-325_3p
800,URS0000EFE637,Hsa-Mir-325_5p
801,URS00002E131D,Hsa-Mir-361-v1_3p
802,URS00000CF1D2,hsa-miR-361-5p
803,URS0000EFD611,Hsa-Mir-652_5p
804,URS0000013DD8,hsa-miR-652-3p
805,URS0000D51A0B,hsa-miR-1912-5p
806,URS00004A9320,hsa-miR-1912-3p
807,URS00003205EB,Hsa-Mir-1264_5p
808,URS0000D4F1F2,Hsa-Mir-1264_3p
809,URS00003DF3AE,hsa-miR-1298-5p
810,URS00007E35B1,Hsa-Mir-1298_3p
811,URS00007455B8,hsa-miR-1911-5p
812,URS0000EFC93D,Hsa-Mir-1911_3p
813,URS00002DE3D0,Hsa-Mir-448_5p
814,URS0000EFBC14,Hsa-Mir-448_3p
815,URS00001012BC,hsa-miR-766-3p
816,URS0000EFD057,Hsa-Mir-766_5p
817,URS000038B599,hsa-miR-363-3p
818,URS0000772287,Hsa-Mir-92-P2c_5p
819,URS000075C4FE,Hsa-Mir-92-P1c_5p
820,URS0000D53D5D,Hsa-Mir-19-P2c_5p
821,URS0000EFF088,Hsa-Mir-17-P4c_3p
822,URS00002B3783,hsa-miR-20b-5p
823,URS0000EFE54C,Hsa-Mir-17-P2c_3p
824,URS0000EFD72F,Hsa-Mir-17-P2c_5p
825,URS0000EFDCE8,Hsa-Mir-17-P1c_3p
826,URS00003FE4D4,hsa-miR-106a-5p
827,URS0000EFE047,Hsa-Mir-450-P3_3p
828,URS0000D54CB9,Hsa-Mir-450-P3_5p
829,URS000040BEF4,hsa-miR-450a-1-3p
830,URS00003E5ECC,hsa-miR-450a-5p
831,URS000075CA21,hsa-miR-450a-2-3p
832,URS00004F859B,hsa-miR-542-3p
833,URS0000EFC181,Hsa-Mir-542-v2_5p
834,URS00003C11EC,hsa-miR-503-3p
835,URS00000F6E49,hsa-miR-503-5p
836,URS0000D5492C,Hsa-Mir-15-P1c_3p
837,URS00000F0F49,hsa-miR-424-5p
838,URS000075BA4B,hsa-miR-934
839,URS0000EFE1BF,Hsa-Mir-934_3p
840,URS0000EFE66B,Hsa-Mir-504-v1_3p
841,URS00005CC20C,hsa-miR-504-5p
842,URS0000D51824,Hsa-Mir-505-v1_3p
843,URS00004388BE,Hsa-Mir-505-v1_5p
844,URS000075EC6F,hsa-miR-892c-3p
845,URS000075BDDB,Hsa-Mir-506-P6e_5p
846,URS0000EFC4D7,Hsa-Mir-506-P6d_3p
847,URS0000EFC431,Hsa-Mir-506-P6d_5p
848,URS0000759E8F,hsa-miR-888-3p
849,URS0000EFEC55,Hsa-Mir-506-P6c_5p
850,URS0000EFDCF7,Hsa-Mir-506-P6b_3p
851,URS0000EFF367,Hsa-Mir-506-P6b_5p
852,URS000075A42A,hsa-miR-892b
853,URS0000EFBBB4,Hsa-Mir-506-P6a_5p
854,URS00001A4ABF,hsa-miR-513c-3p
855,URS0000EFBEEB,Hsa-Mir-506-P5c_5p
856,URS0000EFCEDA,Hsa-Mir-506-P5b_3p
857,URS0000284586,hsa-miR-513b-5p
858,URS00004BCE9B,hsa-miR-513a-3p
859,URS0000EFEAD9,Hsa-Mir-506-P5a1_5p
860,URS000009A71B,Hsa-Mir-506-P4_3p
861,URS000051D911,hsa-miR-506-5p
862,URS00005E6F45,hsa-miR-507
863,URS0000EFE544,Hsa-Mir-506-P2b_5p
864,URS000044FE6A,hsa-miR-508-3p
865,URS000021202F,hsa-miR-508-5p
866,URS000002569A,hsa-miR-514b-3p
867,URS00003AA851,hsa-miR-514b-5p
868,URS00002E87E8,Hsa-Mir-506-P1c2_3p
869,URS0000EFEE31,Hsa-Mir-506-P1c3_5p
870,URS0000465F56,hsa-miR-509-3-5p
871,URS000076A277,Hsa-Mir-506-P1b_3p
872,URS00001C5D53,Hsa-Mir-506-P1b_5p
873,URS00001AADF2,hsa-miR-514a-3p
874,URS000076CC56,Hsa-Mir-506-P1a2_5p
875,URS000075C77C,hsa-miR-2114-5p
876,URS000075B406,Hsa-Mir-2114_3p
877,URS0000D547AD,Hsa-Mir-224_3p
878,URS0000D52200,Hsa-Mir-224_5p
879,URS00001F7A91,Hsa-Mir-452-v1_3p
880,URS0000D523DA,Hsa-Mir-452-v1_5p
881,URS0000D52745,Hsa-Mir-105-P2_3p
882,URS0000D4F80A,Hsa-Mir-105-P2_5p
883,URS000012A1DD,hsa-miR-200b-5p
