target,fallback_best_solo,best_solo_model,ridge_intercept,ridge_alpha,tune_r2,coef_catboost_optuna,effective_catboost_optuna,coef_tabm,effective_tabm,coef_resnet,effective_resnet,abs_share_catboost_optuna,effective_share_catboost_optuna,abs_share_tabm,effective_share_tabm,abs_share_resnet,effective_share_resnet
hsa-mir-1180-3p,False,,0.2789893941208881,412.4626382901356,0.3192076990510203,0.4970811621431729,0.4970811621431729,0.3024141429618032,0.3024141429618032,0.1619996283068153,0.1619996283068153,0.5169878122803189,0.5169878122803189,0.3145249469892782,0.3145249469892782,0.16848724073040303,0.16848724073040303
hsa-mir-1185-1-3p,False,,0.05085005791323627,412.4626382901356,0.28859670390928627,0.28474934124085965,0.28474934124085965,0.3947350705820303,0.3947350705820303,0.2511832483010546,0.2511832483010546,0.30596243260772304,0.30596243260772304,0.4241418150593739,0.4241418150593739,0.26989575233290314,0.26989575233290314
hsa-mir-124-3p,False,,0.04268403085280581,0.01,0.14244157782584266,-0.11807749730791552,-0.11807749730791552,0.9442524613919818,0.9442524613919818,-0.01241920890851449,-0.01241920890851449,0.10986516748895722,0.10986516748895722,0.8785793837767578,0.8785793837767578,0.01155544873428501,0.01155544873428501
hsa-mir-125a-3p,False,,0.041400825161131305,24.244620170823307,0.05300915281665031,0.3498121785623854,0.3498121785623854,0.03825044269267074,0.03825044269267074,0.59772482119392,0.59772482119392,0.35485558397188804,0.35485558397188804,0.03880191717359046,0.03880191717359046,0.6063424988545215,0.6063424988545215
hsa-mir-125a-5p,False,,-0.0731291293651104,1.4251026703029994,0.5906899346600836,0.3381325672448674,0.3381325672448674,0.7635955826671494,0.7635955826671494,-0.09935789750654814,-0.09935789750654814,0.2815223505190149,0.2815223505190149,0.6357542694866098,0.6357542694866098,0.08272337999437523,0.08272337999437523
hsa-mir-129-1-3p,False,,0.08885466550314969,17.01254279852589,0.0632597737452174,0.30558914824356403,0.30558914824356403,0.5380449050263939,0.5380449050263939,0.025657728458381154,0.025657728458381154,0.3515380619795888,0.3515380619795888,0.6189462690612867,0.6189462690612867,0.029515668959124483,0.029515668959124483
hsa-mir-135a-5p,False,,0.015319891065694424,289.4266124716752,0.5233215172025754,0.20853212836696675,0.20853212836696675,0.3842942372233694,0.3842942372233694,0.3634050189677916,0.3634050189677916,0.2180770593127195,0.2180770593127195,0.40188415003859224,0.40188415003859224,0.3800387906486882,0.3800387906486882
hsa-mir-138-5p,False,,-0.03196159878077598,837.6776400682924,0.7247985645848752,0.35998089274142536,0.35998089274142536,0.35843713939547384,0.35843713939547384,0.2693721372312199,0.2693721372312199,0.3644305277624924,0.3644305277624924,0.362867692462219,0.362867692462219,0.27270177977528864,0.27270177977528864
hsa-mir-142-3p,False,,-0.0025106396359015903,412.4626382901356,0.9267054364549414,0.25448991528630416,0.25448991528630416,0.40020094763706726,0.40020094763706726,0.35908019840851085,0.35908019840851085,0.25103292547328965,0.25103292547328965,0.3947646198455175,0.3947646198455175,0.35420245468119294,0.35420245468119294
hsa-mir-15a-3p,False,,-0.0005482605108481087,8.376776400682923,0.011238995853295242,0.4664918106804266,0.4664918106804266,0.4578580432561084,0.4578580432561084,-0.00855003108746634,-0.00855003108746634,0.5000448795943682,0.5000448795943682,0.49079011650251064,0.49079011650251064,0.009165003903121251,0.009165003903121251
hsa-mir-18a-5p,False,,-0.42225424217311947,70.1703828670383,0.8817625038703922,0.32302290244643345,0.32302290244643345,0.3162557056037879,0.3162557056037879,0.39760265739267825,0.39760265739267825,0.31153316509046536,0.31153316509046536,0.3050066735159889,0.3050066735159889,0.3834601613935458,0.3834601613935458
hsa-mir-200c-3p,False,,0.32454860369027116,0.01,0.1350117545031022,0.31826410631568447,0.31826410631568447,0.4793311280032182,0.4793311280032182,0.12030052062608705,0.12030052062608705,0.3467323000472513,0.3467323000472513,0.5222064983097616,0.5222064983097616,0.13106120164298696,0.13106120164298696
hsa-mir-20a-5p,False,,-0.23173622217252188,34.551072945922215,0.945835290707351,0.4227098089259595,0.4227098089259595,0.3171848979489222,0.3171848979489222,0.2754131632869566,0.2754131632869566,0.41633658257625866,0.41633658257625866,0.31240267831112495,0.31240267831112495,0.27126073911261633,0.27126073911261633
hsa-mir-22-3p,False,,0.7865807623320036,142.51026703029993,0.4979232039983946,0.4849114562626095,0.4849114562626095,0.08468689737708529,0.08468689737708529,0.34789421509850016,0.34789421509850016,0.5285181295032136,0.5285181295032136,0.09230254310784566,0.09230254310784566,0.37917932738894067,0.37917932738894067
hsa-mir-22-5p,False,,0.794589752544768,1193.776641714438,0.4006577572537565,0.3679981820140912,0.3679981820140912,0.26755080261875824,0.26755080261875824,0.26432764926795627,0.26432764926795627,0.4089429241193699,0.4089429241193699,0.2973194241737036,0.2973194241737036,0.2937376517069265,0.2937376517069265
hsa-mir-25-3p,False,,-0.10919307373390552,8.376776400682923,0.6502410780988002,0.3985367718159991,0.3985367718159991,0.3618294991766688,0.3618294991766688,0.24849504572788106,0.24849504572788106,0.3950362306600288,0.3950362306600288,0.3586513757439411,0.3586513757439411,0.24631239359603013,0.24631239359603013
hsa-mir-26a-5p,False,,-0.6801111978056298,0.34551072945922195,0.7678885993706565,0.2758821125948524,0.2758821125948524,0.7295945308022298,0.7295945308022298,0.04188382333008288,0.04188382333008288,0.2634070325920742,0.2634070325920742,0.6966030836375721,0.6966030836375721,0.03998988377035384,0.03998988377035384
hsa-mir-27a-5p,False,,0.15499946304782775,412.4626382901356,0.4584801405964475,0.43877392569100804,0.43877392569100804,0.31671583757056754,0.31671583757056754,0.23796823484997426,0.23796823484997426,0.44166328775355085,0.44166328775355085,0.3188014371746044,0.3188014371746044,0.2395352750718447,0.2395352750718447
hsa-mir-299-5p,False,,0.03658076545229694,837.6776400682924,0.7460397295506958,0.32550775931529596,0.32550775931529596,0.3402125219904547,0.3402125219904547,0.338408577874016,0.338408577874016,0.32416930988438125,0.32416930988438125,0.3388136083135395,0.3388136083135395,0.33701708180207934,0.33701708180207934
hsa-mir-301a-5p,False,,0.09829577161438119,0.01,0.04982778095402418,0.15859505063635232,0.15859505063635232,0.7214832376637763,0.7214832376637763,-0.11705997678308575,-0.11705997678308575,0.15905021017633603,0.15905021017633603,0.7235538570005297,0.7235538570005297,0.11739593282313433,0.11739593282313433
hsa-mir-301b-3p,False,,0.05793476372797546,203.09176209047388,0.34383392171888916,0.44869816891926606,0.44869816891926606,0.24427594315259402,0.24427594315259402,0.31351281838821454,0.31351281838821454,0.44580625474606206,0.44580625474606206,0.24270155504248148,0.24270155504248148,0.3114921902114565,0.3114921902114565
hsa-mir-301b-5p,False,,-0.03496286827395223,100.0,0.19698608124826944,0.6032585667491872,0.6032585667491872,0.38040790450575757,0.38040790450575757,0.12166202851276194,0.12166202851276194,0.5457731044444857,0.5457731044444857,0.3441582340324195,0.3441582340324195,0.11006866152309486,0.11006866152309486
hsa-mir-3180-3p,False,,0.03427870731730076,587.8016072274911,0.7524468860459017,0.2983691403855932,0.2983691403855932,0.37458752224343295,0.37458752224343295,0.32446420678430216,0.32446420678430216,0.2991406632198207,0.2991406632198207,0.3755561305467381,0.3755561305467381,0.32530320623344117,0.32530320623344117
hsa-mir-326,False,,0.07202533637181523,70.1703828670383,0.01855906827755105,0.24903351856321215,0.24903351856321215,0.20911895693233615,0.20911895693233615,0.048148596780936796,0.048148596780936796,0.49186843994519114,0.49186843994519114,0.41303281462959013,0.41303281462959013,0.09509874542521889,0.09509874542521889
hsa-mir-340-3p,False,,-0.014231843012375123,100.0,0.2777819130418957,0.5791191509668282,0.5791191509668282,0.36596966408250475,0.36596966408250475,0.029940344505960528,0.029940344505960528,0.5939505965451966,0.5939505965451966,0.37534227617297306,0.37534227617297306,0.03070712728183041,0.03070712728183041
hsa-mir-363-3p,False,,0.09092902956826507,412.4626382901356,0.12521114654997256,0.2896663001259238,0.2896663001259238,0.2370695669129512,0.2370695669129512,0.12147462060295823,0.12147462060295823,0.446870739749552,0.446870739749552,0.3657292984805011,0.3657292984805011,0.18739996176994697,0.18739996176994697
hsa-mir-369-3p,False,,-0.03857232289291446,587.8016072274911,0.8653586512006393,0.3253165004775845,0.3253165004775845,0.40958914684202924,0.40958914684202924,0.27344115372730204,0.27344115372730204,0.32262362526446725,0.32262362526446725,0.4061986872143328,0.4061986872143328,0.27117768752119986,0.27117768752119986
hsa-mir-374a-3p,False,,0.26063627354693786,0.01,0.14148316638910563,0.9461045688180111,0.9461045688180111,-0.1282245592421769,-0.1282245592421769,0.11543130629377937,0.11543130629377937,0.7952059435660593,0.7952059435660593,0.10777342693514773,0.10777342693514773,0.09702062949879307,0.09702062949879307
hsa-mir-378a-3p,False,,1.0019257297522213,49.238826317067414,0.2733637282421011,0.0976355871212312,0.0976355871212312,0.39395607790961923,0.39395607790961923,0.4159872738490646,0.4159872738490646,0.10757806614786343,0.10757806614786343,0.43407362272621547,0.43407362272621547,0.45834831112592106,0.45834831112592106
hsa-mir-382-5p,False,,0.06506797932136887,1193.776641714438,0.4344145860591053,0.24984139992162827,0.24984139992162827,0.3304340584805056,0.3304340584805056,0.33941984839277256,0.33941984839277256,0.27165670855961355,0.27165670855961355,0.35928644632541645,0.35928644632541645,0.36905684511496994,0.36905684511496994
hsa-mir-3934-5p,False,,0.152214807689076,70.1703828670383,0.017735155408236114,0.09823548996635521,0.09823548996635521,0.22435530198788337,0.22435530198788337,0.29989364585056266,0.29989364585056266,0.15781196123196883,0.15781196123196883,0.3604191339771883,0.3604191339771883,0.48176890479084294,0.48176890479084294
hsa-mir-411-5p,False,,0.055260309060939095,142.51026703029993,0.15800692971367036,0.13726377604180348,0.13726377604180348,0.41750716312469416,0.41750716312469416,0.21144982364948858,0.21144982364948858,0.17914390043064968,0.17914390043064968,0.5448914769553976,0.5448914769553976,0.27596462261395266,0.27596462261395266
hsa-mir-423-5p,False,,0.9433053742449005,2.894266124716752,0.5936680863836618,0.5055333751484176,0.5055333751484176,0.1190127286715026,0.1190127286715026,0.30811448502105554,0.30811448502105554,0.5420335984998012,0.5420335984998012,0.12760561569284343,0.12760561569284343,0.3303607858073554,0.3303607858073554
hsa-mir-449a,False,,0.017688190155876526,49.238826317067414,0.04727707316183272,0.30242214359014835,0.30242214359014835,0.2166320498621431,0.2166320498621431,0.1171854104617777,0.1171854104617777,0.47532744225553375,0.47532744225553375,0.3404881565521054,0.3404881565521054,0.1841844011923609,0.1841844011923609
hsa-mir-4731-3p,True,catboost_optuna,0.01570119781104834,49.238826317067414,0.05319589486650811,0.4344949094508764,1.0,0.30286442520328444,0.0,0.21608711546850876,0.0,0.45570981925096543,1.0,0.317652265802991,0.0,0.22663791494604357,0.0
hsa-mir-486-5p,False,,0.11709913401501293,1193.776641714438,0.5710348143570154,0.3383178686183434,0.3383178686183434,0.35405846490392023,0.35405846490392023,0.2925416504480168,0.2925416504480168,0.34349851878484133,0.34349851878484133,0.35948015029300534,0.35948015029300534,0.2970213309221533,0.2970213309221533
hsa-mir-487a-3p,False,,0.03641850877980435,837.6776400682924,0.6237496198718294,0.2899059004882057,0.2899059004882057,0.3426023448771769,0.3426023448771769,0.3309897390260358,0.3309897390260358,0.30088895377536384,0.30088895377536384,0.35558179718827065,0.35558179718827065,0.34352924903636556,0.34352924903636556
hsa-mir-495-3p,False,,-0.09744962504496746,587.8016072274911,0.8727273919140567,0.36918582691198015,0.36918582691198015,0.3623649581526377,0.3623649581526377,0.27468510716875505,0.27468510716875505,0.36689789120179395,0.36689789120179395,0.36011929305001933,0.36011929305001933,0.27298281574818667,0.27298281574818667
hsa-mir-503-3p,False,,0.014995852418290045,289.4266124716752,0.2006812973739851,0.4061287682158039,0.4061287682158039,0.3169021205489858,0.3169021205489858,0.21635187274745665,0.21635187274745665,0.4323357686083208,0.4323357686083208,0.3373514328055449,0.3373514328055449,0.23031279858613435,0.23031279858613435
hsa-mir-532-3p,False,,0.122569400944462,412.4626382901356,0.318159182732494,0.5433859425988856,0.5433859425988856,0.26287077064906494,0.26287077064906494,0.1717926202599553,0.1717926202599553,0.5555813229277081,0.5555813229277081,0.2687704614104111,0.2687704614104111,0.17564821566188066,0.17564821566188066
hsa-mir-556-3p,False,,0.04446406142677928,0.01,0.40697630210925795,1.3777938401833498,1.3777938401833498,-0.030969842301968278,-0.030969842301968278,-0.330245239661462,-0.330245239661462,0.7922868149994794,0.7922868149994794,0.017808903627553836,0.017808903627553836,0.18990428137296692,0.18990428137296692
hsa-mir-582-5p,False,,0.03838211463839425,0.01,0.811535131509967,0.4443076288979666,0.4443076288979666,0.61535298727299,0.61535298727299,-0.0528660565501521,-0.0528660565501521,0.39936806891222004,0.39936806891222004,0.5531130195448792,0.5531130195448792,0.047518911542900784,0.047518911542900784
hsa-mir-590-5p,False,,0.4292089208727994,203.09176209047388,0.21772776147355855,0.3654962604514083,0.3654962604514083,0.3641518504243253,0.3641518504243253,0.21224660121394243,0.21224660121394243,0.38804364836120886,0.38804364836120886,0.3866163019605689,0.3866163019605689,0.22534004967822224,0.22534004967822224
hsa-mir-592,False,,0.12648171938673958,11.93776641714437,0.4910205671055564,-0.05362982896033781,-0.05362982896033781,1.0424596280429868,1.0424596280429868,0.031706246774867615,0.031706246774867615,0.04755278707009987,0.04755278707009987,0.9243337463963341,0.9243337463963341,0.028113466533565903,0.028113466533565903
hsa-mir-616-3p,True,resnet,0.07276536845847263,100.0,0.032382810412044605,0.13698684660239294,0.0,0.233870007730802,0.0,0.23258333753398838,1.0,0.22700981546907573,0.0,0.38756120471053507,0.0,0.3854289798203892,1.0
hsa-mir-624-3p,False,,0.0005966168809260208,2.0309176209047366,0.020801973522326267,0.28381871764814615,0.28381871764814615,0.35977368812541344,0.35977368812541344,0.2300414471499285,0.2300414471499285,0.32487147412887935,0.32487147412887935,0.41181289726981546,0.41181289726981546,0.26331562860130525,0.26331562860130525
hsa-mir-642a-5p,False,,0.4137695508544317,587.8016072274911,0.34529382068266423,0.3733068597374416,0.3733068597374416,0.22829600936040836,0.22829600936040836,0.3551049434143594,0.3551049434143594,0.3901994473706438,0.3901994473706438,0.2386266803455155,0.2386266803455155,0.3711738722838407,0.3711738722838407
hsa-mir-708-5p,False,,0.08509296046187398,2424.4620170823305,0.8265193472204897,0.3493776097287616,0.3493776097287616,0.28769090166499256,0.28769090166499256,0.33410239794524715,0.33410239794524715,0.35974884170135935,0.35974884170135935,0.2962309711900255,0.2962309711900255,0.34402018710861515,0.34402018710861515
hsa-mir-887-3p,False,,0.06094736266705714,142.51026703029993,0.21765853718277473,0.47310181398359674,0.47310181398359674,0.11337131550953962,0.11337131550953962,0.38470874936549976,0.38470874936549976,0.4871402816325208,0.4871402816325208,0.11673541071707104,0.11673541071707104,0.3961243076504081,0.3961243076504081
hsa-mir-99b-3p,False,,0.18363254719770472,49.238826317067414,0.07499915084482889,0.21445788920354064,0.21445788920354064,0.2339735937034322,0.2339735937034322,0.5534797925396735,0.5534797925396735,0.21404878302016966,0.21404878302016966,0.23352725878758884,0.23352725878758884,0.5524239581922414,0.5524239581922414
